id,first_name,last_name,email
1,Parker,Beynke,pbeynke0@feedburner.com
2,Eddie,Tidcombe,etidcombe1@utexas.edu
3,Arman,Peatt,apeatt2@jiathis.com
4,Tana,Morfett,tmorfett3@ca.gov
5,Maxim,Seldon,mseldon4@fc2.com
6,Sebastiano,Martinho,smartinho5@seesaa.net
7,Nikoletta,Bundy,nbundy6@cisco.com
8,Sophey,Toon,stoon7@mayoclinic.com
9,Allianora,Brugemann,abrugemann8@xing.com
10,Ruthanne,Mutton,rmutton9@twitpic.com